id,hip,hd,hr,gl,bf,proper,ra,dec,dist,pmra,pmdec,rv,mag,absmag,spect,ci,x,y,z,vx,vy,vz,rarad,decrad,pmrarad,pmdecrad,bayer,flam,con,comp,comp_primary,base,lum,var,var_min,var_max
0,,,,,,Sol,0.0,0.0,0.0,0.0,0.0,0.0,-26.7,4.85,G2V,0.656,0.000005,0.0,0.0,0.0,0.0,0.0,0.0,0.0,0.0,0.0,,,,1,0,,1.0,,,
32263,32349,48915,2491,Gl 244A,9Alp CMa,Sirius,6.752481,-16.716116,2.6371,-546.01,-1223.08,-9.4,-1.44,1.454,A0m...,0.009,-0.494323,2.476731,-0.758485,0.00000953,-0.00001207,-0.00001221,1.7677953696021995,-0.291751258517685,-0.0000026471311772,-0.000005929659164,Alp,9,CMa,1,32263,Gl 244,22.824433121735034,,-1.333,-1.523
30365,30438,45348,2326,,Alp Car,Canopus,6.399195,-52.69566,94.7867,19.99,23.67,21.0,-0.62,-5.504,F0Ib,0.164,-5.992679,57.132034,-75.396105,-0.0000114,0.00002059,-0.00001049,1.6753053519997292,-0.9197127748902675,0.0000000969142547,0.000000114755398,Alp,,Car,1,30365,,13854.791675667215,,-0.547,-0.667
69451,69673,124897,5340,Gl 541,16Alp Boo,Arcturus,14.26103,19.18241,11.2575,-1093.45,-1999.4,-5.0,-0.05,-0.307,K2IIIp,1.239,-8.823448,-5.932531,3.698938,-0.00005905,0.0000322,-0.00010473,3.7335290285420872,0.33479621805862125,-0.00000530119519,-0.000009693364729,Alp,16,Boo,1,69451,,115.55799554021293,,,
71456,71683,128620,5459,Gl 559A,Alp1Cen,Rigil Kentaurus,14.660765,-60.833976,1.3248,-3678.19,481.84,-26.2,-0.01,4.379,G2V,0.71,-0.495203,-0.414084,-1.156625,-0.00000722,0.00002476,0.00002491,3.838179211777228,-1.0617531757704175,-0.0000178323683168,0.000002336026238,Alp-1,,Cen,1,71456,Gl 559,1.543121065657792,,0.113,-0.087
90979,91262,172167,7001,Gl 721,3Alp Lyr,Vega,18.61564,38.783692,7.6787,201.02,287.46,-12.1,0.03,0.604,A0Vvar,-0.001,0.960565,-5.908009,4.809731,0.00000476,0.00001734,0.00000059,4.873563095509031,0.6769031163973025,0.0000009745724607,0.000001393645406,Alp,3,Lyr,1,90979,,49.93441887213498,,,
24549,24608,34029,1708,Gl 194A,13Alp Aur,Capella,5.27815,45.997991,13.1234,75.52,-427.13,22.2,0.08,-0.51,M1: comp,0.795,1.712633,8.954439,9.440007,0.00000192,0.00003559,-0.00000254,1.381816412648801,0.8028163926341112,0.0000003661312916,-0.000002070784673,Alp,13,Aur,1,24549,Gl 194,139.3156802945302,,,
24378,24436,34085,1713,,19Bet Ori,Rigel,5.242298,-8.20164,264.5503,1.87,-0.56,21.0,0.18,-6.933,B8Ia,-0.03,51.601106,256.709905,-37.740051,0.00000182,0.00002121,-0.00000377,1.3724303693276385,-0.143145630755865,0.0000000090660158,-0.000000002714956,Bet,19,Ori,1,24378,,51665.42425669497,,,
37173,37279,61421,2943,Gl 280A,10Alp CMi,Procyon,7.655033,5.224993,3.5142,-716.57,-1034.58,-4.0,0.4,2.671,F5IV-V,0.432,-1.469312,3.17617,0.320024,0.00001212,0.00000289,-0.00001792,2.004083041242831,0.09119333187796,-0.0000034740293908,-0.000005015785376,Alp,10,CMi,1,37173,Gl 280,7.4404636619191935,,,
7574,7588,10144,472,,Alp Eri,Achernar,1.628556,-57.236757,42.7533,88.02,-40.08,16.0,0.45,-2.705,B3Vp,-0.158,21.065573,9.568417,-35.951967,-0.00000584,0.00001738,-0.00001826,0.42635506591376426,-0.9989698692415762,0.0000004267330016,-0.000000194313323,Alp,,Eri,1,7574,,1051.9618738232234,Alp,0.487,0.427
27919,27989,39801,2061,,58Alp Ori,Betelgeuse,5.919529,7.407063,152.6718,27.33,10.86,21.0,0.45,-5.469,M2Ib,1.5,3.189296,151.364387,19.682142,-0.0000198,0.00002068,0.00001074,1.5497291183713153,0.12927763169419373,0.0000001324995789,0.000000052650765,Alp,58,Ori,1,27919,,13415.28798266127,Alp,0.571,0.281
68483,68702,122451,5267,,Bet Cen,Hadar,14.063729,-60.373039,120.1923,-33.96,-25.06,6.0,0.61,-4.789,B1III,-0.231,-50.954051,-30.56287,-104.478695,-0.00000189,0.00002194,-0.00001255,3.681875660376148,-1.053708314075195,-0.0000001646427259,-0.000000121494308,Bet,,Cen,1,68483,,7171.33482657721,Bet,0.634,0.594
97338,97649,187642,7557,Gl 768,53Alp Aql,Altair,19.846388,8.868322,5.1295,536.82,385.54,-26.1,0.76,2.21,A7IV-V,0.221,2.355468,-4.4873,0.790749,-0.00000112,0.00003087,0.00000536,5.195772105546999,0.15478141706831,0.0000026025768,0.000001869150664,Alp,53,Aql,1,97338,,11.376272858234303,Alp,0.803,0.753
60530,60718,108248,4730,,Alp1Cru,Acrux,12.443311,-63.099092,98.7167,-35.37,-14.73,-11.0,0.77,-4.202,B0.5IV,-0.243,-44.363755,-5.171957,-88.034513,0.00000934,0.00001813,0.00000684,3.2576512815622607,-1.1012869028642311,-0.0000001714785988,-0.000000071413055,Alp-1,,Cru,1,60530,,4176.379929509739,,,
21368,21421,29139,1457,Gl 171.1A,87Alp Tau,Aldebaran,4.598677,16.509301,20.4332,62.78,-189.36,54.5,0.87,-0.682,K5III,1.538,7.02722,18.287604,5.806661,0.00001528,0.00005709,-0.00000214,1.2039308112027507,0.2881416661221312,0.0000003043660287,-0.000000918043185,Alp,87,Tau,1,21368,Gl 171.1,163.23000728189953,Alp,0.888,0.858
118360,,,,Gl 194B,,,5.277926,46.000842,12.9383,80.57,-422.38,33.9,0.96,0.401,G0 III,,1.689045,8.828648,9.308413,0.00000314,0.00004332,0.00000654,1.381757778719121,0.8028661534716,0.0000003906143824,-0.000002047770568,,,Aur,2,24549,Gl 194,60.20048636844592,,,
65269,65474,116658,5056,,67Alp Vir,Spica,13.419883,-11.161322,76.5697,-42.5,-31.73,1.0,0.98,-3.44,B1V,-0.235,-69.990853,-27.285826,-14.82176,-0.00000454,0.00001516,-0.00001175,3.5133172180991257,-0.194801818024575,-0.0000002060458142,-0.00000015383138,Alp,67,Vir,1,65269,,2070.1413487910413,Alp,1.001,0.961
80519,80763,148478,6134,,21Alp Sco,Antares,16.490128,-26.432002,169.7793,-10.16,-23.21,-3.0,1.06,-5.089,M1Ib + B2.5V,1.865,-58.542602,-140.307591,-75.574766,-0.00000338,0.0000136,-0.00001574,4.317105466000638,-0.4613254705959812,-0.0000000492570699,-0.000000112525255,Alp,21,Sco,1,80519,,9453.660459579653,Alp,1.155,0.995
3407,3414,4058,184,,20Pi  Cas,,0.724466,47.024546,53.6769,-24.52,-37.16,13.0,4.95,1.301,A5V,0.17,35.934654,6.898434,39.272564,0.00001705,-0.00000322,0.00000314,0.18966466783224836,0.8207331596283237,-0.0000001188763145,-0.000000180156763,Pi,20,Cas,1,3407,,26.278465408384932,Pi,4.962,4.942
839,841,571,27,,22    And,,0.172012,46.072272,377.3585,4.51,0.21,-5.0,5.01,-2.874,F2II,0.405,261.527194,11.785276,271.779391,-0.00000419,0.00000807,-0.00000342,0.04503274031959869,0.8041128329084449,0.000000021865097,0.000000001018108,,22,And,1,839,,1229.1361730601686,,,
